ride_id,driver_id,city,fare,trip_distance,ride_date
1,103,Hyderabad,205,35.89,2024-02-13
2,105,Hyderabad,152,12.57,2024-01-16
3,103,Hyderabad,501,41.25,2024-01-15
4,101,Mumbai,173,39.96,2024-03-22
5,105,Delhi,82,31.89,2024-02-11
6,101,Bangalore,482,36.87,2024-01-11
7,104,Hyderabad,156,40.92,2024-01-21
8,104,Delhi,424,25.1,2024-02-09
9,104,Hyderabad,343,37.23,2024-03-14
10,105,Chennai,467,5.02,2024-03-22
11,104,Bangalore,458,32.04,2024-02-26
12,105,Hyderabad,169,18.06,2024-03-05
13,104,Chennai,312,3.49,2024-01-28
14,101,Chennai,117,21.18,2024-01-06
15,104,Bangalore,350,33.15,2024-01-27
16,104,Hyderabad,353,40.5,2024-01-25
17,104,Bangalore,113,11.47,2024-03-30
18,104,Chennai,354,27.57,2024-03-01
19,103,Hyderabad,292,39.61,2024-01-19
20,102,Mumbai,155,12.89,2024-02-20
21,105,Bangalore,423,34.71,2024-03-02
22,103,Bangalore,408,37.56,2024-02-11
23,101,Hyderabad,543,31.13,2024-03-22
24,104,Delhi,464,34.64,2024-03-01
25,104,Bangalore,89,26.42,2024-01-09
26,101,Bangalore,276,43.11,2024-02-20
27,105,Hyderabad,256,26.25,2024-01-18
28,103,Chennai,137,42.65,2024-02-23
29,104,Hyderabad,520,11.08,2024-01-14
30,102,Delhi,217,38.19,2024-03-21
31,105,Delhi,496,26.82,2024-03-28
32,103,Delhi,157,9.31,2024-01-23
33,103,Chennai,233,26.86,2024-01-11
34,103,Delhi,81,8.13,2024-01-19
35,103,Bangalore,411,44.51,2024-01-07
36,104,Mumbai,87,42.12,2024-03-08
37,104,Hyderabad,449,38.6,2024-03-18
38,101,Chennai,285,34.18,2024-02-23
39,104,Hyderabad,546,32.45,2024-01-18
40,101,Mumbai,452,18.36,2024-03-14
41,101,Mumbai,132,44.89,2024-03-26
42,101,Delhi,190,42.08,2024-01-08
43,101,Delhi,305,9.27,2024-03-27
44,103,Bangalore,442,23.58,2024-02-12
45,105,Mumbai,335,17.88,2024-02-07
46,105,Bangalore,127,8.42,2024-02-05
47,105,Bangalore,245,41.95,2024-03-26
48,101,Hyderabad,285,21.54,2024-03-04
49,103,Bangalore,200,38.31,2024-01-11
50,105,Bangalore,139,40.82,2024-01-03
51,102,Hyderabad,357,5.54,2024-03-30
52,104,Hyderabad,479,33.76,2024-02-19
53,105,Delhi,210,36.19,2024-01-03
54,104,Delhi,519,10.02,2024-03-10
55,102,Bangalore,533,19.82,2024-03-07
56,102,Mumbai,443,1.77,2024-03-14
57,104,Bangalore,137,19.08,2024-01-31
58,101,Bangalore,371,38.78,2024-03-14
59,102,Bangalore,347,9.84,2024-03-20
60,104,Delhi,104,31.7,2024-03-27
61,103,Delhi,516,4.74,2024-03-22
62,104,Bangalore,419,3.9,2024-01-03
63,103,Hyderabad,457,1.94,2024-03-03
64,104,Mumbai,461,25.18,2024-01-28
65,105,Delhi,514,37.13,2024-01-31
66,104,Bangalore,131,20.25,2024-03-06
67,101,Hyderabad,267,43.46,2024-01-07
68,101,Mumbai,310,21.52,2024-02-14
69,103,Mumbai,237,25.82,2024-01-16
70,103,Mumbai,228,41.23,2024-02-28
71,103,Bangalore,154,12.39,2024-01-09
72,102,Bangalore,542,38.7,2024-02-09
73,104,Delhi,444,21.39,2024-01-11
74,102,Hyderabad,597,10.33,2024-03-27
75,103,Chennai,338,34.03,2024-01-08
76,102,Bangalore,440,24.28,2024-02-25
77,102,Chennai,414,23.02,2024-01-31
78,102,Hyderabad,578,10.92,2024-03-10
79,101,Delhi,525,41.49,2024-03-18
80,105,Delhi,566,16.97,2024-02-11
81,101,Chennai,483,17.34,2024-01-07
82,102,Mumbai,102,18.17,2024-03-24
83,103,Chennai,578,27.47,2024-03-08
84,104,Mumbai,324,22.54,2024-01-11
85,104,Bangalore,384,9.02,2024-01-02
86,101,Hyderabad,356,28.82,2024-03-30
87,103,Chennai,576,4.81,2024-02-09
88,104,Mumbai,323,2.02,2024-02-15
89,101,Mumbai,410,5.49,2024-02-18
90,104,Bangalore,389,25.1,2024-01-17
91,101,Delhi,355,24.18,2024-03-05
92,101,Chennai,267,18.96,2024-03-22
93,101,Delhi,354,9.89,2024-01-06
94,101,Chennai,85,6.36,2024-01-31
95,104,Mumbai,181,16.47,2024-01-12
96,101,Delhi,158,31.95,2024-03-11
97,105,Delhi,407,15.17,2024-03-03
98,105,Chennai,351,12.81,2024-03-15
99,105,Delhi,225,3.77,2024-03-26
100,103,Mumbai,361,10.35,2024-02-19
101,104,Mumbai,586,43.36,2024-01-06
102,104,Bangalore,511,11.95,2024-02-16
103,105,Bangalore,528,6.43,2024-03-08
104,104,Mumbai,538,33.28,2024-03-18
105,102,Bangalore,563,41.71,2024-02-18
106,105,Bangalore,298,1.61,2024-02-24
107,105,Mumbai,155,25.99,2024-02-24
108,104,Hyderabad,327,13.37,2024-01-15
109,103,Delhi,238,33.18,2024-01-20
110,104,Chennai,559,45.0,2024-01-08
111,104,Hyderabad,293,37.56,2024-02-26
112,101,Delhi,444,31.44,2024-03-24
113,105,Bangalore,102,32.76,2024-02-01
114,104,Delhi,349,34.34,2024-03-29
115,103,Bangalore,102,12.85,2024-03-22
116,103,Hyderabad,563,11.31,2024-02-03
117,103,Mumbai,270,10.07,2024-02-28
118,104,Delhi,103,8.04,2024-03-29
119,102,Hyderabad,220,22.36,2024-01-27
120,105,Chennai,234,15.22,2024-01-29
121,104,Mumbai,285,43.61,2024-01-11
122,103,Delhi,284,36.9,2024-01-02
123,103,Delhi,445,37.58,2024-02-10
124,105,Chennai,271,7.12,2024-01-14
125,102,Hyderabad,498,10.09,2024-02-01
126,105,Delhi,600,38.56,2024-03-27
127,101,Chennai,321,13.37,2024-03-01
128,103,Chennai,295,16.71,2024-03-02
129,104,Delhi,404,20.67,2024-03-09
130,102,Mumbai,339,29.64,2024-02-11
131,102,Hyderabad,588,12.48,2024-03-01
132,105,Mumbai,268,28.86,2024-02-14
133,102,Delhi,252,6.65,2024-01-04
134,104,Mumbai,505,43.39,2024-01-19
135,103,Delhi,564,13.04,2024-03-11
136,103,Bangalore,305,18.25,2024-01-05
137,104,Chennai,256,40.38,2024-03-11
138,105,Hyderabad,427,32.77,2024-01-23
139,103,Chennai,298,18.46,2024-03-05
140,104,Hyderabad,157,40.18,2024-03-09
141,105,Bangalore,115,30.61,2024-01-11
142,104,Mumbai,128,34.12,2024-01-20
143,104,Delhi,460,37.62,2024-02-22
144,104,Delhi,121,32.78,2024-02-25
145,105,Bangalore,354,14.29,2024-02-02
146,104,Chennai,297,25.57,2024-01-04
147,102,Hyderabad,236,11.08,2024-02-11
148,103,Bangalore,570,30.49,2024-01-16
149,102,Hyderabad,325,8.44,2024-01-06
150,102,Hyderabad,117,27.41,2024-03-21
151,102,Mumbai,454,23.32,2024-02-18
152,104,Hyderabad,215,38.13,2024-01-19
153,103,Chennai,146,33.6,2024-01-30
154,102,Hyderabad,382,43.23,2024-01-29
155,102,Chennai,221,8.81,2024-03-04
156,101,Hyderabad,562,21.54,2024-01-02
157,104,Mumbai,124,9.3,2024-03-30
158,102,Chennai,374,6.68,2024-02-16
159,101,Mumbai,373,14.41,2024-01-20
160,101,Bangalore,157,30.31,2024-03-26
161,102,Hyderabad,242,24.41,2024-03-08
162,104,Mumbai,307,11.38,2024-02-24
163,104,Hyderabad,180,15.99,2024-01-21
164,104,Chennai,356,43.98,2024-03-20
165,101,Chennai,430,7.21,2024-01-26
166,105,Delhi,153,39.36,2024-03-19
167,105,Mumbai,126,15.95,2024-03-17
168,101,Bangalore,434,31.36,2024-03-01
169,102,Bangalore,468,36.14,2024-03-02
170,103,Delhi,224,3.82,2024-01-11
171,102,Chennai,476,38.98,2024-02-05
172,101,Delhi,282,15.17,2024-01-02
173,101,Hyderabad,268,39.46,2024-01-26
174,101,Mumbai,567,36.63,2024-03-25
175,101,Mumbai,357,21.91,2024-01-31
176,101,Bangalore,365,2.56,2024-02-10
177,101,Hyderabad,475,27.14,2024-03-17
178,102,Mumbai,557,8.31,2024-01-24
179,102,Bangalore,498,8.52,2024-02-21
180,105,Mumbai,278,20.57,2024-01-23
181,104,Delhi,253,6.43,2024-03-11
182,105,Hyderabad,447,23.74,2024-01-09
183,102,Chennai,115,38.47,2024-03-06
184,103,Mumbai,407,8.18,2024-03-11
185,105,Hyderabad,466,31.62,2024-01-05
186,102,Delhi,198,7.22,2024-03-16
187,102,Chennai,491,13.01,2024-02-14
188,104,Bangalore,373,23.24,2024-02-12
189,104,Bangalore,133,26.7,2024-03-13
190,102,Mumbai,334,13.07,2024-02-17
191,104,Delhi,132,27.31,2024-02-18
192,105,Chennai,426,21.75,2024-01-03
193,105,Hyderabad,365,27.66,2024-01-09
194,105,Hyderabad,294,40.62,2024-02-12
195,105,Mumbai,486,2.02,2024-03-15
196,105,Delhi,454,14.57,2024-02-29
197,103,Bangalore,553,14.94,2024-03-05
198,105,Bangalore,327,1.62,2024-03-10
199,102,Mumbai,489,12.92,2024-03-20
200,105,Mumbai,263,9.13,2024-01-23
201,104,Bangalore,458,20.28,2024-01-22
202,104,Hyderabad,226,23.45,2024-01-13
203,104,Hyderabad,291,14.52,2024-01-10
204,101,Bangalore,101,12.52,2024-02-21
205,101,Hyderabad,529,16.8,2024-01-29
206,104,Mumbai,229,16.13,2024-03-16
207,103,Mumbai,474,26.35,2024-03-01
208,103,Chennai,301,42.76,2024-03-26
209,104,Mumbai,292,21.55,2024-01-19
210,103,Mumbai,256,21.82,2024-01-14
211,104,Mumbai,190,21.76,2024-03-05
212,105,Chennai,541,27.69,2024-01-22
213,105,Delhi,192,39.73,2024-02-26
214,102,Bangalore,137,25.37,2024-03-12
215,102,Delhi,201,6.18,2024-02-16
216,101,Bangalore,82,4.88,2024-01-12
217,102,Delhi,505,5.74,2024-01-28
218,101,Delhi,460,22.2,2024-01-24
219,104,Chennai,471,5.14,2024-01-26
220,105,Chennai,412,37.23,2024-01-22
221,105,Mumbai,581,19.73,2024-02-02
222,101,Bangalore,514,20.79,2024-01-05
223,105,Delhi,301,7.6,2024-03-06
224,102,Mumbai,521,30.94,2024-01-21
225,101,Bangalore,126,32.42,2024-03-13
226,105,Delhi,173,35.72,2024-03-23
227,101,Hyderabad,499,44.3,2024-02-07
228,103,Chennai,81,41.54,2024-03-01
229,102,Delhi,125,39.67,2024-01-21
230,104,Hyderabad,402,18.14,2024-01-14
231,103,Chennai,139,31.34,2024-01-19
232,101,Mumbai,589,29.12,2024-03-22
233,101,Chennai,410,23.83,2024-03-06
234,105,Hyderabad,88,14.01,2024-01-23
235,102,Mumbai,447,27.36,2024-02-08
236,105,Bangalore,320,37.7,2024-03-30
237,103,Hyderabad,362,19.16,2024-01-31
238,103,Mumbai,369,9.22,2024-01-06
239,101,Hyderabad,130,23.02,2024-03-25
240,102,Chennai,295,29.74,2024-01-23
241,105,Delhi,398,28.79,2024-02-19
242,103,Hyderabad,367,22.06,2024-02-21
243,105,Bangalore,98,3.69,2024-02-22
244,104,Bangalore,274,4.83,2024-01-30
245,101,Mumbai,233,26.2,2024-02-01
246,103,Mumbai,383,9.64,2024-01-04
247,105,Chennai,334,27.72,2024-03-18
248,105,Chennai,282,14.51,2024-01-10
249,105,Mumbai,522,5.0,2024-01-26
250,103,Delhi,120,43.97,2024-03-09
251,102,Delhi,297,3.98,2024-01-02
252,101,Delhi,265,29.89,2024-02-29
253,105,Bangalore,279,6.21,2024-01-04
254,102,Chennai,190,35.07,2024-03-05
255,102,Hyderabad,379,18.49,2024-03-19
256,101,Mumbai,278,13.45,2024-01-02
257,104,Chennai,225,35.78,2024-03-12
258,103,Chennai,272,20.28,2024-02-04
259,104,Mumbai,474,44.4,2024-02-06
260,103,Bangalore,285,13.4,2024-01-08
261,101,Hyderabad,459,35.64,2024-03-17
262,104,Delhi,538,38.77,2024-01-20
263,101,Bangalore,590,23.54,2024-02-02
264,104,Hyderabad,296,7.12,2024-02-27
265,102,Hyderabad,151,34.53,2024-02-25
266,104,Chennai,275,17.79,2024-03-04
267,105,Delhi,233,8.64,2024-02-20
268,104,Bangalore,340,41.25,2024-03-19
269,103,Hyderabad,125,20.15,2024-03-25
270,103,Hyderabad,424,21.43,2024-01-29
271,104,Delhi,145,39.43,2024-01-04
272,102,Mumbai,337,33.05,2024-03-19
273,102,Hyderabad,375,41.85,2024-01-06
274,105,Hyderabad,230,34.03,2024-03-02
275,102,Mumbai,237,2.99,2024-02-24
276,103,Chennai,360,25.74,2024-01-16
277,104,Mumbai,579,10.96,2024-02-16
278,104,Bangalore,461,5.55,2024-03-24
279,104,Bangalore,454,37.25,2024-03-23
280,105,Mumbai,589,14.29,2024-02-16
281,101,Hyderabad,492,27.58,2024-03-03
282,105,Bangalore,197,20.48,2024-03-08
283,104,Hyderabad,573,24.55,2024-01-13
284,101,Mumbai,151,1.89,2024-03-20
285,103,Chennai,165,18.97,2024-01-22
286,101,Delhi,138,44.75,2024-01-10
287,104,Mumbai,219,44.16,2024-01-27
288,104,Chennai,452,38.05,2024-03-26
289,102,Delhi,325,3.6,2024-03-28
290,101,Delhi,496,26.83,2024-02-03
291,103,Bangalore,445,39.42,2024-01-20
292,101,Hyderabad,495,36.83,2024-02-18
293,102,Delhi,510,33.33,2024-03-29
294,101,Hyderabad,251,37.32,2024-02-02
295,101,Delhi,287,7.56,2024-02-05
296,104,Chennai,353,2.12,2024-03-20
297,103,Chennai,387,14.16,2024-01-13
298,104,Bangalore,433,25.06,2024-03-01
299,101,Bangalore,194,3.66,2024-01-02
300,101,Delhi,102,33.51,2024-01-31
301,105,Hyderabad,547,32.61,2024-01-07
302,105,Hyderabad,195,40.73,2024-01-04
303,102,Bangalore,474,32.63,2024-02-06
304,105,Bangalore,224,25.0,2024-02-18
305,104,Mumbai,254,26.61,2024-02-29
306,102,Hyderabad,469,37.92,2024-03-03
307,105,Hyderabad,349,33.98,2024-03-30
308,103,Bangalore,113,12.1,2024-02-01
309,105,Mumbai,547,3.08,2024-02-04
310,102,Hyderabad,185,42.58,2024-03-09
311,105,Delhi,400,37.83,2024-01-22
312,104,Bangalore,500,18.76,2024-02-20
313,102,Hyderabad,491,9.69,2024-02-02
314,101,Mumbai,99,37.6,2024-03-23
315,102,Bangalore,118,23.1,2024-03-16
316,101,Hyderabad,588,33.98,2024-02-04
317,103,Bangalore,476,27.75,2024-02-22
318,101,Hyderabad,412,3.89,2024-01-03
319,101,Delhi,538,2.43,2024-03-28
320,102,Mumbai,485,25.74,2024-03-20
321,101,Delhi,445,30.07,2024-03-23
322,101,Mumbai,479,16.58,2024-02-22
323,101,Hyderabad,587,44.19,2024-02-27
324,103,Delhi,289,19.15,2024-03-08
325,101,Chennai,377,33.93,2024-02-01
326,102,Hyderabad,504,35.21,2024-03-04
327,102,Delhi,97,21.76,2024-02-18
328,101,Mumbai,221,31.72,2024-01-14
329,105,Mumbai,588,12.2,2024-01-27
330,104,Chennai,179,16.01,2024-02-25
331,103,Mumbai,214,15.35,2024-02-25
332,102,Delhi,497,43.25,2024-03-06
333,101,Chennai,245,3.7,2024-03-11
334,101,Mumbai,307,31.22,2024-01-28
335,102,Chennai,91,13.86,2024-01-13
336,105,Mumbai,239,43.87,2024-01-31
337,104,Mumbai,567,29.62,2024-01-08
338,104,Bangalore,162,13.25,2024-02-09
339,101,Mumbai,319,9.67,2024-01-05
340,105,Hyderabad,131,17.25,2024-02-21
341,105,Chennai,160,34.44,2024-02-20
342,101,Delhi,161,9.46,2024-03-29
343,105,Bangalore,334,29.12,2024-03-11
344,101,Chennai,553,41.18,2024-01-02
345,104,Mumbai,226,14.46,2024-01-12
346,105,Chennai,234,13.66,2024-02-12
347,104,Delhi,550,8.36,2024-02-08
348,102,Chennai,218,38.76,2024-03-16
349,105,Bangalore,529,1.65,2024-03-09
350,103,Hyderabad,457,24.97,2024-02-09
351,101,Bangalore,200,9.06,2024-02-07
352,104,Delhi,117,6.27,2024-03-26
353,103,Mumbai,322,24.68,2024-03-23
354,101,Hyderabad,380,11.88,2024-02-20
355,103,Mumbai,425,5.09,2024-01-27
356,101,Bangalore,260,29.92,2024-02-14
357,105,Delhi,216,19.84,2024-02-29
358,103,Bangalore,135,14.12,2024-01-16
359,104,Hyderabad,589,8.61,2024-02-24
360,101,Hyderabad,256,43.35,2024-02-22
361,105,Delhi,397,22.85,2024-03-10
362,103,Mumbai,252,37.1,2024-03-04
363,104,Hyderabad,153,26.94,2024-03-13
364,104,Chennai,236,10.41,2024-01-11
365,101,Bangalore,514,30.28,2024-02-28
366,105,Chennai,372,34.55,2024-02-13
367,105,Hyderabad,560,2.65,2024-03-13
368,104,Chennai,256,18.97,2024-01-05
369,104,Hyderabad,541,31.47,2024-01-05
370,105,Hyderabad,401,40.21,2024-01-30
371,104,Mumbai,427,25.36,2024-02-05
372,105,Hyderabad,363,18.91,2024-02-17
373,102,Delhi,433,42.36,2024-01-15
374,102,Mumbai,175,27.39,2024-02-29
375,105,Mumbai,437,15.04,2024-03-24
376,105,Mumbai,186,34.46,2024-02-06
377,104,Bangalore,370,17.42,2024-02-28
378,104,Mumbai,96,31.06,2024-01-15
379,103,Mumbai,559,36.59,2024-01-23
380,102,Delhi,277,8.89,2024-02-03
381,104,Mumbai,258,31.47,2024-01-31
382,101,Mumbai,342,32.01,2024-03-12
383,105,Bangalore,545,44.91,2024-03-04
384,104,Mumbai,598,7.16,2024-01-27
385,104,Delhi,278,6.28,2024-02-29
386,104,Chennai,330,40.53,2024-03-28
387,101,Bangalore,169,41.56,2024-03-10
388,102,Hyderabad,435,40.86,2024-01-07
389,101,Chennai,293,10.79,2024-01-15
390,105,Hyderabad,593,12.01,2024-02-15
391,103,Delhi,344,21.69,2024-02-19
392,104,Chennai,470,14.88,2024-01-11
393,105,Hyderabad,505,21.95,2024-03-06
394,105,Bangalore,519,8.5,2024-01-09
395,104,Chennai,567,10.85,2024-03-23
396,103,Hyderabad,520,20.22,2024-01-10
397,104,Bangalore,92,27.79,2024-03-21
398,104,Bangalore,398,41.47,2024-01-13
399,101,Bangalore,489,3.77,2024-03-17
400,105,Delhi,299,24.02,2024-03-25
401,101,Delhi,206,38.02,2024-02-26
402,101,Chennai,248,27.99,2024-01-24
403,101,Mumbai,568,40.32,2024-02-05
404,105,Hyderabad,341,31.05,2024-01-15
405,101,Hyderabad,126,21.15,2024-02-14
406,105,Mumbai,594,5.29,2024-03-21
407,102,Bangalore,442,15.29,2024-03-11
408,105,Bangalore,444,4.11,2024-02-10
409,102,Chennai,133,36.32,2024-03-24
410,103,Bangalore,386,5.22,2024-02-07
411,101,Mumbai,577,17.09,2024-02-13
412,103,Chennai,307,32.17,2024-03-26
413,105,Chennai,521,11.11,2024-03-06
414,101,Chennai,227,33.7,2024-03-30
415,102,Mumbai,285,8.02,2024-01-31
416,103,Bangalore,583,27.14,2024-03-02
417,105,Chennai,96,23.28,2024-01-13
418,104,Chennai,252,39.15,2024-03-30
419,103,Chennai,204,36.8,2024-02-14
420,105,Chennai,363,42.55,2024-02-24
421,101,Hyderabad,320,29.32,2024-03-16
422,104,Hyderabad,139,29.16,2024-01-30
423,103,Chennai,93,14.8,2024-01-06
424,105,Bangalore,351,42.22,2024-03-11
425,104,Chennai,327,6.35,2024-01-03
426,105,Chennai,571,31.47,2024-03-17
427,102,Hyderabad,455,18.52,2024-01-27
428,102,Mumbai,121,6.39,2024-03-14
429,104,Bangalore,356,19.4,2024-03-05
430,104,Chennai,181,22.19,2024-03-07
431,104,Hyderabad,338,44.12,2024-03-07
432,103,Delhi,428,35.96,2024-03-02
433,101,Delhi,412,13.77,2024-01-25
434,104,Hyderabad,233,24.78,2024-02-09
435,104,Mumbai,592,4.57,2024-03-27
436,102,Hyderabad,225,18.14,2024-03-23
437,105,Delhi,336,16.91,2024-02-04
438,101,Chennai,347,15.3,2024-01-12
439,102,Delhi,402,27.38,2024-03-27
440,102,Chennai,428,41.59,2024-01-16
441,105,Mumbai,146,20.82,2024-01-07
442,105,Chennai,455,1.87,2024-01-21
443,101,Mumbai,593,19.66,2024-02-22
444,105,Hyderabad,255,37.69,2024-02-28
445,104,Delhi,231,28.54,2024-03-30
446,101,Chennai,219,32.83,2024-01-11
447,103,Bangalore,563,31.66,2024-03-24
448,103,Hyderabad,423,39.28,2024-03-03
449,105,Mumbai,296,26.52,2024-03-20
450,102,Delhi,564,33.7,2024-02-01
451,105,Delhi,293,21.3,2024-02-26
452,103,Chennai,229,13.42,2024-02-11
453,103,Hyderabad,94,42.29,2024-01-30
454,101,Chennai,181,21.66,2024-02-21
455,103,Mumbai,404,16.59,2024-01-01
456,105,Chennai,356,21.18,2024-01-10
457,105,Hyderabad,520,32.39,2024-03-17
458,104,Chennai,143,18.42,2024-02-25
459,101,Mumbai,509,34.8,2024-01-02
460,103,Hyderabad,318,26.57,2024-03-18
461,104,Mumbai,484,33.57,2024-01-17
462,105,Mumbai,95,14.86,2024-01-04
463,103,Mumbai,337,9.23,2024-03-03
464,104,Mumbai,135,36.29,2024-01-31
465,105,Hyderabad,137,40.88,2024-02-10
466,103,Chennai,427,28.24,2024-01-21
467,103,Mumbai,295,21.51,2024-03-09
468,103,Delhi,295,23.75,2024-03-10
469,104,Delhi,531,3.19,2024-02-29
470,102,Hyderabad,108,24.13,2024-03-22
471,105,Mumbai,371,27.64,2024-03-21
472,103,Hyderabad,282,16.41,2024-01-05
473,104,Bangalore,306,39.53,2024-01-23
474,104,Chennai,152,38.7,2024-02-09
475,104,Mumbai,494,28.77,2024-03-09
476,103,Chennai,93,13.23,2024-03-21
477,104,Bangalore,215,17.27,2024-02-02
478,101,Chennai,244,33.15,2024-01-17
479,101,Bangalore,307,41.75,2024-03-19
480,105,Hyderabad,164,1.91,2024-03-26
481,105,Delhi,150,2.11,2024-02-27
482,102,Hyderabad,429,44.11,2024-03-30
483,101,Mumbai,205,2.96,2024-01-16
484,101,Bangalore,196,11.1,2024-03-26
485,104,Mumbai,199,2.77,2024-02-16
486,104,Delhi,564,3.25,2024-01-03
487,105,Bangalore,326,40.38,2024-03-07
488,105,Chennai,103,5.39,2024-02-26
489,105,Delhi,97,21.72,2024-01-10
490,104,Mumbai,238,38.36,2024-02-15
491,104,Mumbai,367,12.91,2024-01-21
492,103,Delhi,396,9.21,2024-03-23
493,105,Mumbai,181,20.7,2024-02-24
494,102,Mumbai,211,7.87,2024-02-09
495,101,Mumbai,312,8.05,2024-01-11
496,102,Delhi,165,21.49,2024-02-05
497,104,Delhi,111,5.67,2024-02-08
498,105,Hyderabad,420,40.96,2024-03-14
499,103,Mumbai,484,16.15,2024-03-21
500,102,Bangalore,177,29.02,2024-01-07
501,105,Hyderabad,183,17.31,2024-01-14
502,102,Bangalore,144,24.88,2024-02-12
503,101,Mumbai,322,29.69,2024-01-23
504,104,Mumbai,595,10.24,2024-01-22
505,105,Mumbai,513,13.75,2024-03-17
506,103,Mumbai,487,38.44,2024-02-25
507,105,Mumbai,131,35.24,2024-02-04
508,105,Hyderabad,357,2.0,2024-01-27
509,101,Mumbai,127,28.08,2024-03-06
510,101,Mumbai,256,18.68,2024-03-10
511,101,Bangalore,94,19.84,2024-02-03
512,105,Chennai,316,31.59,2024-01-21
513,101,Chennai,518,1.82,2024-03-13
514,103,Delhi,243,34.28,2024-02-07
515,105,Delhi,279,36.97,2024-03-14
516,105,Hyderabad,382,5.57,2024-01-18
517,104,Delhi,320,23.55,2024-03-15
518,103,Hyderabad,500,10.24,2024-01-04
519,105,Chennai,494,44.85,2024-02-18
520,104,Mumbai,147,43.73,2024-03-20
521,104,Mumbai,532,11.43,2024-01-06
522,102,Chennai,321,10.78,2024-01-18
523,102,Chennai,130,15.7,2024-01-12
524,105,Chennai,95,38.84,2024-02-21
525,105,Mumbai,587,20.74,2024-01-20
526,102,Delhi,436,25.85,2024-02-06
527,102,Chennai,284,5.52,2024-01-22
528,101,Bangalore,354,7.75,2024-03-27
529,102,Mumbai,326,34.49,2024-01-19
530,102,Bangalore,368,32.65,2024-03-01
531,103,Bangalore,547,10.99,2024-01-24
532,104,Hyderabad,491,16.28,2024-02-11
533,102,Mumbai,112,8.73,2024-03-19
534,102,Chennai,539,37.23,2024-01-12
535,102,Delhi,408,10.56,2024-03-07
536,104,Chennai,483,36.82,2024-01-18
537,104,Hyderabad,508,31.1,2024-02-12
538,105,Chennai,478,32.88,2024-03-11
539,104,Bangalore,349,22.92,2024-01-24
540,104,Bangalore,244,25.2,2024-01-12
541,104,Bangalore,529,36.74,2024-03-02
542,101,Chennai,331,41.47,2024-02-05
543,104,Delhi,129,5.46,2024-02-15
544,105,Mumbai,166,26.23,2024-03-05
545,102,Mumbai,104,3.86,2024-01-01
546,105,Chennai,251,2.39,2024-01-15
547,103,Delhi,449,36.02,2024-01-20
548,101,Delhi,280,25.49,2024-01-11
549,101,Bangalore,469,5.68,2024-03-21
550,105,Hyderabad,568,9.2,2024-03-26
551,101,Mumbai,220,10.71,2024-02-18
552,105,Bangalore,145,30.57,2024-02-08
553,102,Chennai,213,21.33,2024-03-22
554,105,Hyderabad,398,29.08,2024-01-18
555,103,Hyderabad,201,11.76,2024-03-24
556,102,Delhi,589,25.04,2024-01-24
557,103,Chennai,122,32.99,2024-01-07
558,101,Chennai,512,36.53,2024-03-10
559,105,Chennai,463,10.85,2024-03-25
560,101,Chennai,279,5.71,2024-03-27
561,105,Hyderabad,145,13.65,2024-02-07
562,104,Bangalore,498,31.48,2024-02-11
563,104,Mumbai,444,24.3,2024-02-01
564,104,Chennai,115,25.24,2024-02-04
565,104,Delhi,452,37.12,2024-01-25
566,101,Hyderabad,510,30.08,2024-01-07
567,102,Hyderabad,305,36.19,2024-01-28
568,101,Delhi,362,35.54,2024-03-30
569,104,Chennai,566,19.51,2024-02-15
570,102,Delhi,425,43.86,2024-03-02
571,101,Chennai,534,18.99,2024-01-04
572,103,Mumbai,592,21.49,2024-02-13
573,104,Hyderabad,425,3.54,2024-02-24
574,103,Delhi,513,19.68,2024-02-07
575,103,Mumbai,270,28.28,2024-02-04
576,103,Bangalore,539,25.86,2024-02-07
577,102,Delhi,250,22.32,2024-01-10
578,102,Mumbai,189,35.44,2024-02-20
579,102,Delhi,270,32.48,2024-01-15
580,103,Bangalore,439,28.2,2024-01-28
581,104,Chennai,158,43.77,2024-03-08
582,101,Chennai,499,14.74,2024-02-16
583,104,Hyderabad,245,15.84,2024-03-03
584,101,Chennai,474,6.79,2024-02-02
585,105,Chennai,192,8.19,2024-02-09
586,104,Chennai,455,8.93,2024-03-21
587,105,Chennai,220,12.17,2024-01-19
588,105,Bangalore,182,28.59,2024-01-12
589,105,Chennai,169,29.58,2024-02-08
590,105,Bangalore,587,9.73,2024-01-10
591,105,Mumbai,360,2.0,2024-03-18
592,104,Chennai,544,22.24,2024-03-17
593,103,Hyderabad,403,12.19,2024-01-25
594,103,Hyderabad,217,17.36,2024-03-22
595,105,Chennai,209,36.02,2024-01-26
596,102,Bangalore,468,33.12,2024-03-23
597,102,Chennai,226,5.15,2024-03-22
598,101,Chennai,305,35.77,2024-03-02
599,103,Chennai,561,1.96,2024-01-29
600,104,Bangalore,383,39.54,2024-02-28
601,103,Hyderabad,254,40.37,2024-03-06
602,104,Mumbai,377,23.9,2024-01-23
603,105,Chennai,585,15.79,2024-02-24
604,104,Hyderabad,484,44.9,2024-02-03
605,101,Hyderabad,540,34.87,2024-01-03
606,104,Bangalore,110,27.92,2024-03-04
607,105,Bangalore,495,7.36,2024-02-14
608,104,Delhi,406,25.65,2024-01-18
609,104,Bangalore,85,19.67,2024-03-29
610,101,Delhi,377,23.6,2024-03-16
611,104,Chennai,593,22.77,2024-02-26
612,102,Chennai,498,22.12,2024-01-07
613,104,Chennai,276,31.05,2024-01-05
614,103,Hyderabad,255,7.98,2024-03-14
615,103,Hyderabad,461,37.61,2024-01-19
616,101,Chennai,165,16.05,2024-02-06
617,101,Delhi,88,8.14,2024-01-12
618,105,Mumbai,184,32.52,2024-01-11
619,101,Chennai,457,33.79,2024-01-01
620,103,Hyderabad,473,17.63,2024-03-06
621,104,Bangalore,359,2.86,2024-01-13
622,102,Hyderabad,157,11.55,2024-02-22
623,103,Delhi,270,20.95,2024-02-27
624,101,Hyderabad,192,15.71,2024-01-31
625,101,Bangalore,348,11.67,2024-02-01
626,103,Delhi,402,31.15,2024-01-31
627,101,Delhi,307,31.69,2024-03-25
628,104,Mumbai,283,1.68,2024-02-27
629,103,Hyderabad,395,14.29,2024-03-03
630,101,Hyderabad,384,13.77,2024-01-29
631,103,Chennai,514,12.9,2024-02-20
632,102,Chennai,596,42.55,2024-02-16
633,105,Bangalore,529,11.05,2024-02-27
634,104,Mumbai,579,43.46,2024-01-10
635,102,Mumbai,250,39.23,2024-03-27
636,103,Mumbai,454,31.64,2024-03-02
637,105,Mumbai,370,29.57,2024-01-28
638,105,Mumbai,143,36.85,2024-02-04
639,101,Mumbai,235,11.02,2024-03-13
640,101,Hyderabad,198,42.97,2024-02-01
641,105,Chennai,258,39.0,2024-01-24
642,105,Mumbai,257,11.86,2024-03-27
643,102,Delhi,314,20.16,2024-01-03
644,101,Hyderabad,379,22.79,2024-03-26
645,103,Bangalore,434,4.18,2024-01-14
646,101,Mumbai,150,38.1,2024-03-26
647,103,Hyderabad,373,22.9,2024-02-01
648,102,Hyderabad,281,11.67,2024-01-02
649,103,Bangalore,443,8.55,2024-02-18
650,103,Delhi,599,11.0,2024-02-21
651,104,Hyderabad,597,29.67,2024-02-09
652,105,Hyderabad,212,17.89,2024-03-15
653,105,Mumbai,385,6.37,2024-03-09
654,105,Chennai,438,7.46,2024-03-14
655,104,Chennai,208,15.68,2024-02-24
656,103,Delhi,176,20.14,2024-03-20
657,105,Chennai,105,9.48,2024-01-21
658,102,Bangalore,338,15.88,2024-02-05
659,105,Hyderabad,483,3.38,2024-03-25
660,105,Delhi,271,41.83,2024-03-27
661,105,Mumbai,147,7.44,2024-02-23
662,101,Bangalore,592,30.96,2024-03-20
663,103,Delhi,197,38.36,2024-03-14
664,102,Mumbai,128,43.93,2024-03-05
665,103,Mumbai,505,40.57,2024-02-06
666,104,Hyderabad,204,18.46,2024-03-16
667,103,Mumbai,162,30.5,2024-01-03
668,103,Bangalore,380,12.37,2024-03-29
669,101,Delhi,293,41.98,2024-03-12
670,104,Chennai,378,18.95,2024-02-05
671,101,Delhi,281,33.37,2024-03-26
672,101,Delhi,331,1.65,2024-03-19
673,103,Hyderabad,583,20.19,2024-03-19
674,101,Hyderabad,328,38.03,2024-01-27
675,102,Chennai,325,8.28,2024-01-06
676,104,Bangalore,571,17.27,2024-02-03
677,103,Hyderabad,225,44.01,2024-03-21
678,102,Hyderabad,296,21.32,2024-02-09
679,103,Chennai,150,43.13,2024-01-17
680,104,Bangalore,178,28.87,2024-01-12
681,101,Hyderabad,211,40.1,2024-02-26
682,103,Hyderabad,396,11.61,2024-02-06
683,101,Delhi,524,22.64,2024-01-20
684,102,Chennai,261,30.77,2024-01-19
685,101,Mumbai,94,18.2,2024-03-30
686,101,Chennai,165,13.75,2024-03-19
687,101,Hyderabad,352,20.41,2024-03-10
688,101,Mumbai,335,4.65,2024-03-28
689,105,Chennai,186,31.03,2024-03-10
690,103,Delhi,451,33.16,2024-03-18
691,105,Delhi,85,15.58,2024-03-09
692,101,Chennai,383,5.21,2024-02-16
693,105,Chennai,297,40.29,2024-03-04
694,102,Delhi,347,12.21,2024-02-26
695,104,Hyderabad,307,13.89,2024-03-03
696,103,Delhi,90,29.01,2024-02-16
697,104,Hyderabad,349,29.35,2024-02-17
698,103,Hyderabad,496,4.75,2024-03-02
699,105,Hyderabad,492,6.46,2024-03-21
700,104,Mumbai,259,38.51,2024-01-21
701,103,Mumbai,297,5.91,2024-02-08
702,103,Bangalore,182,15.38,2024-03-06
703,105,Delhi,295,10.87,2024-01-30
704,105,Bangalore,125,29.84,2024-02-03
705,103,Hyderabad,189,26.01,2024-02-20
706,104,Mumbai,589,44.3,2024-02-07
707,102,Bangalore,349,33.19,2024-03-20
708,104,Mumbai,592,13.84,2024-01-19
709,101,Delhi,170,35.53,2024-01-08
710,101,Hyderabad,235,16.44,2024-02-16
711,102,Delhi,483,35.22,2024-01-24
712,101,Chennai,347,27.15,2024-02-20
713,101,Delhi,254,12.29,2024-03-30
714,104,Delhi,296,12.74,2024-02-08
715,101,Hyderabad,571,15.59,2024-03-04
716,101,Delhi,194,10.03,2024-01-25
717,102,Bangalore,175,30.4,2024-03-02
718,105,Mumbai,191,26.17,2024-01-26
719,104,Mumbai,153,24.33,2024-02-14
720,102,Bangalore,146,6.59,2024-01-26
721,103,Chennai,145,42.22,2024-03-07
722,101,Chennai,311,32.4,2024-03-20
723,104,Chennai,440,33.09,2024-01-19
724,102,Chennai,357,14.55,2024-03-12
725,103,Hyderabad,338,29.15,2024-01-09
726,104,Delhi,372,20.62,2024-03-07
727,102,Hyderabad,215,6.47,2024-02-28
728,103,Mumbai,220,2.03,2024-03-13
729,101,Delhi,586,12.15,2024-02-15
730,103,Chennai,581,18.56,2024-03-25
731,101,Hyderabad,317,37.69,2024-02-28
732,101,Hyderabad,167,15.37,2024-03-09
733,104,Mumbai,97,31.69,2024-03-08
734,104,Hyderabad,219,4.58,2024-01-23
735,105,Bangalore,419,15.04,2024-03-28
736,102,Bangalore,384,8.64,2024-01-21
737,103,Delhi,582,6.28,2024-03-01
738,103,Delhi,166,13.81,2024-03-11
739,102,Mumbai,271,16.88,2024-02-09
740,102,Mumbai,206,23.15,2024-03-16
741,101,Mumbai,359,12.91,2024-02-20
742,102,Delhi,263,8.69,2024-02-15
743,101,Chennai,158,3.03,2024-03-21
744,104,Chennai,334,40.28,2024-01-15
745,105,Mumbai,453,42.03,2024-01-13
746,103,Bangalore,170,4.49,2024-02-21
747,102,Bangalore,394,31.69,2024-03-07
748,105,Hyderabad,212,4.24,2024-01-25
749,104,Delhi,220,30.21,2024-02-07
750,104,Delhi,585,26.56,2024-03-18
751,104,Mumbai,270,21.57,2024-02-21
752,102,Bangalore,255,43.22,2024-01-04
753,102,Delhi,480,6.67,2024-01-09
754,103,Chennai,195,28.96,2024-01-29
755,104,Bangalore,515,11.5,2024-01-13
756,105,Chennai,397,33.89,2024-03-02
757,104,Mumbai,405,22.81,2024-03-02
758,105,Mumbai,596,23.55,2024-03-11
759,101,Bangalore,446,19.2,2024-02-12
760,105,Delhi,177,16.68,2024-01-12
761,105,Delhi,293,16.84,2024-02-12
762,101,Mumbai,113,28.07,2024-01-27
763,102,Mumbai,334,27.8,2024-02-16
764,103,Chennai,433,21.97,2024-01-09
765,104,Hyderabad,88,42.32,2024-03-10
766,103,Delhi,331,14.07,2024-03-07
767,104,Chennai,586,38.01,2024-01-01
768,105,Hyderabad,151,19.12,2024-01-30
769,102,Bangalore,497,28.0,2024-01-30
770,101,Mumbai,83,21.6,2024-03-29
771,103,Bangalore,408,2.05,2024-03-20
772,102,Hyderabad,352,31.64,2024-03-30
773,103,Mumbai,280,1.9,2024-03-21
774,101,Mumbai,140,12.58,2024-01-18
775,105,Chennai,298,38.46,2024-02-02
776,102,Chennai,275,24.72,2024-02-08
777,103,Delhi,588,22.89,2024-01-06
778,102,Chennai,81,44.19,2024-01-29
779,102,Mumbai,119,32.98,2024-02-03
780,101,Chennai,262,11.27,2024-03-24
781,105,Bangalore,291,29.39,2024-01-22
782,103,Mumbai,592,28.52,2024-01-15
783,104,Mumbai,402,12.97,2024-01-27
784,102,Delhi,192,28.35,2024-02-06
785,102,Mumbai,190,7.36,2024-02-01
786,101,Delhi,563,37.68,2024-01-26
787,104,Bangalore,377,12.72,2024-03-07
788,102,Mumbai,547,1.57,2024-02-23
789,105,Delhi,104,44.59,2024-02-07
790,103,Bangalore,459,36.76,2024-02-05
791,101,Chennai,235,13.19,2024-01-04
792,104,Chennai,559,22.52,2024-03-26
793,101,Hyderabad,572,12.03,2024-03-10
794,101,Mumbai,246,43.71,2024-01-28
795,104,Hyderabad,533,44.85,2024-03-11
796,102,Delhi,447,35.05,2024-01-29
797,105,Delhi,504,42.7,2024-02-26
798,102,Mumbai,216,42.46,2024-01-14
799,102,Chennai,482,30.55,2024-03-30
800,103,Mumbai,579,22.19,2024-01-06
801,102,Mumbai,299,27.76,2024-03-30
802,103,Delhi,217,21.5,2024-02-06
803,105,Mumbai,135,37.21,2024-01-09
804,103,Hyderabad,358,3.67,2024-03-22
805,103,Mumbai,384,42.32,2024-01-05
806,103,Bangalore,593,11.58,2024-02-15
807,102,Delhi,487,40.41,2024-02-29
808,101,Chennai,137,15.37,2024-03-12
809,103,Delhi,150,9.96,2024-02-23
810,104,Hyderabad,454,42.91,2024-02-29
811,101,Chennai,580,16.73,2024-01-22
812,101,Delhi,577,22.24,2024-02-22
813,104,Mumbai,390,10.53,2024-03-24
814,105,Mumbai,397,26.8,2024-02-14
815,103,Delhi,270,43.0,2024-02-27
816,102,Hyderabad,281,20.4,2024-03-13
817,104,Mumbai,415,27.99,2024-01-04
818,105,Chennai,185,10.9,2024-03-30
819,104,Chennai,218,2.86,2024-02-13
820,104,Mumbai,534,11.43,2024-01-07
821,104,Chennai,239,14.61,2024-01-14
822,104,Hyderabad,342,17.96,2024-03-01
823,103,Delhi,395,18.1,2024-01-27
824,101,Hyderabad,502,19.27,2024-02-14
825,103,Delhi,121,29.86,2024-02-08
826,101,Bangalore,384,34.04,2024-02-04
827,105,Chennai,224,34.29,2024-03-08
828,103,Mumbai,228,10.38,2024-01-31
829,103,Delhi,161,2.13,2024-03-02
830,104,Bangalore,244,31.97,2024-03-10
831,104,Mumbai,137,9.09,2024-03-15
832,101,Delhi,600,7.85,2024-03-02
833,102,Delhi,179,7.6,2024-02-22
834,102,Chennai,274,15.3,2024-02-16
835,105,Delhi,260,37.63,2024-03-30
836,101,Delhi,112,16.97,2024-01-14
837,101,Delhi,496,22.01,2024-03-05
838,101,Delhi,157,22.81,2024-03-11
839,102,Mumbai,181,19.55,2024-02-22
840,105,Hyderabad,191,5.13,2024-01-23
841,101,Mumbai,173,28.08,2024-03-24
842,104,Mumbai,241,18.28,2024-03-22
843,104,Hyderabad,373,35.29,2024-02-05
844,102,Mumbai,311,19.18,2024-01-14
845,103,Mumbai,419,31.71,2024-01-04
846,101,Chennai,109,28.23,2024-01-18
847,105,Delhi,113,33.03,2024-01-06
848,102,Delhi,411,42.57,2024-01-18
849,103,Chennai,394,19.99,2024-03-18
850,102,Mumbai,433,11.51,2024-01-31
851,102,Mumbai,113,35.76,2024-01-22
852,104,Delhi,84,17.72,2024-03-25
853,103,Hyderabad,495,12.94,2024-03-29
854,105,Chennai,396,18.67,2024-02-15
855,102,Bangalore,254,7.47,2024-01-12
856,101,Mumbai,267,9.86,2024-01-13
857,102,Hyderabad,214,33.55,2024-02-12
858,103,Mumbai,305,29.43,2024-01-30
859,101,Mumbai,450,8.66,2024-02-19
860,101,Hyderabad,305,13.07,2024-03-07
861,101,Hyderabad,333,8.24,2024-03-28
862,102,Bangalore,118,5.06,2024-01-30
863,105,Bangalore,165,41.71,2024-01-12
864,103,Hyderabad,434,9.58,2024-02-15
865,103,Bangalore,210,16.2,2024-03-03
866,105,Delhi,524,37.89,2024-02-12
867,103,Bangalore,534,19.23,2024-01-23
868,105,Chennai,412,9.63,2024-02-09
869,102,Hyderabad,85,20.83,2024-01-14
870,104,Mumbai,562,5.27,2024-01-02
871,102,Mumbai,159,20.52,2024-01-26
872,102,Delhi,262,28.34,2024-02-28
873,105,Chennai,232,13.26,2024-03-06
874,105,Bangalore,385,8.86,2024-01-27
875,103,Hyderabad,144,8.45,2024-02-25
876,104,Bangalore,272,41.78,2024-03-09
877,105,Chennai,196,25.79,2024-03-25
878,103,Mumbai,231,25.68,2024-03-07
879,103,Chennai,476,25.66,2024-01-13
880,103,Bangalore,471,17.05,2024-02-04
881,101,Delhi,337,20.68,2024-01-23
882,101,Delhi,179,34.39,2024-01-13
883,101,Bangalore,259,22.82,2024-01-02
884,101,Mumbai,314,39.8,2024-02-25
885,105,Hyderabad,172,7.95,2024-01-13
886,102,Chennai,181,1.96,2024-03-27
887,103,Bangalore,498,17.22,2024-01-01
888,105,Delhi,568,43.5,2024-02-14
889,105,Hyderabad,273,1.54,2024-02-29
890,103,Mumbai,566,40.98,2024-03-30
891,105,Chennai,232,19.46,2024-02-23
892,102,Chennai,389,22.61,2024-01-05
893,104,Chennai,335,11.24,2024-03-14
894,102,Bangalore,291,37.88,2024-03-27
895,102,Mumbai,205,36.14,2024-02-15
896,105,Mumbai,165,16.02,2024-03-29
897,102,Mumbai,486,37.59,2024-02-18
898,101,Delhi,396,8.54,2024-03-20
899,105,Mumbai,458,29.41,2024-01-06
900,104,Bangalore,175,33.53,2024-01-09
901,101,Mumbai,510,26.03,2024-03-14
902,102,Bangalore,140,44.0,2024-01-23
903,102,Bangalore,210,32.63,2024-01-11
904,105,Delhi,411,3.17,2024-03-24
905,103,Hyderabad,275,25.98,2024-03-10
906,102,Chennai,500,19.75,2024-02-07
907,102,Bangalore,89,5.99,2024-02-25
908,104,Mumbai,210,8.07,2024-02-03
909,103,Mumbai,149,26.83,2024-03-15
910,104,Delhi,178,31.46,2024-01-27
911,102,Mumbai,166,15.19,2024-03-19
912,101,Mumbai,334,34.79,2024-01-12
913,101,Delhi,292,41.45,2024-01-10
914,105,Hyderabad,173,26.84,2024-02-04
915,104,Mumbai,332,6.76,2024-01-08
916,104,Bangalore,176,38.45,2024-01-02
917,103,Bangalore,505,27.5,2024-02-07
918,105,Chennai,346,30.14,2024-02-21
919,103,Delhi,116,1.65,2024-01-17
920,105,Hyderabad,181,12.33,2024-01-25
921,101,Delhi,340,34.8,2024-02-18
922,105,Chennai,196,41.14,2024-01-24
923,105,Bangalore,372,18.47,2024-03-10
924,103,Mumbai,237,4.78,2024-01-16
925,104,Hyderabad,272,21.94,2024-02-16
926,105,Delhi,425,39.96,2024-02-26
927,101,Mumbai,506,30.35,2024-01-19
928,101,Chennai,193,21.32,2024-02-02
929,102,Delhi,240,23.6,2024-03-08
930,105,Hyderabad,355,17.97,2024-03-02
931,102,Bangalore,148,26.21,2024-01-22
932,104,Chennai,434,15.74,2024-01-31
933,102,Chennai,93,43.67,2024-01-01
934,103,Delhi,85,14.87,2024-02-17
935,103,Hyderabad,587,35.45,2024-02-28
936,103,Bangalore,244,10.45,2024-03-17
937,105,Chennai,487,37.44,2024-01-17
938,104,Mumbai,332,29.93,2024-02-22
939,105,Mumbai,129,39.61,2024-01-31
940,103,Chennai,380,44.62,2024-01-09
941,103,Hyderabad,132,20.2,2024-02-29
942,103,Hyderabad,431,43.85,2024-02-21
943,105,Hyderabad,453,44.57,2024-01-27
944,105,Chennai,288,38.74,2024-03-10
945,105,Hyderabad,360,39.54,2024-03-18
946,104,Chennai,404,4.42,2024-01-12
947,104,Chennai,344,35.09,2024-01-17
948,103,Mumbai,523,23.88,2024-03-08
949,105,Bangalore,84,19.96,2024-02-01
950,103,Delhi,475,32.76,2024-03-02
951,105,Chennai,371,2.01,2024-03-14
952,102,Chennai,239,9.27,2024-03-14
953,103,Chennai,394,42.02,2024-01-15
954,102,Chennai,127,34.0,2024-01-13
955,104,Mumbai,405,17.47,2024-01-18
956,103,Hyderabad,412,13.28,2024-03-28
957,102,Chennai,595,26.77,2024-01-13
958,104,Mumbai,179,11.46,2024-03-08
959,103,Hyderabad,510,9.31,2024-01-15
960,102,Delhi,580,8.89,2024-02-10
961,105,Chennai,435,15.26,2024-03-06
962,103,Delhi,158,13.8,2024-03-21
963,101,Hyderabad,130,14.73,2024-02-24
964,104,Mumbai,125,3.69,2024-02-13
965,102,Bangalore,502,10.1,2024-01-27
966,101,Chennai,596,9.67,2024-02-25
967,105,Bangalore,596,28.21,2024-02-14
968,103,Mumbai,158,3.79,2024-03-27
969,104,Bangalore,538,37.81,2024-03-18
970,103,Bangalore,306,26.45,2024-01-14
971,103,Hyderabad,203,7.08,2024-01-16
972,101,Delhi,92,26.14,2024-02-07
973,101,Delhi,439,12.71,2024-02-23
974,102,Hyderabad,203,9.74,2024-03-30
975,103,Hyderabad,106,43.34,2024-01-05
976,103,Delhi,179,43.77,2024-02-17
977,102,Mumbai,243,7.89,2024-02-24
978,105,Delhi,368,24.19,2024-02-21
979,105,Mumbai,85,33.66,2024-03-11
980,101,Delhi,402,23.08,2024-01-27
981,105,Chennai,339,25.52,2024-01-09
982,104,Chennai,409,15.89,2024-01-08
983,103,Delhi,184,42.39,2024-01-25
984,105,Hyderabad,123,21.6,2024-01-08
985,101,Mumbai,122,19.18,2024-01-26
986,105,Hyderabad,469,38.63,2024-01-30
987,105,Mumbai,461,27.0,2024-03-26
988,102,Chennai,86,15.33,2024-02-23
989,101,Bangalore,221,42.08,2024-03-20
990,105,Chennai,243,27.11,2024-02-10
991,101,Chennai,517,31.66,2024-03-09
992,105,Chennai,251,5.08,2024-03-22
993,104,Bangalore,518,32.72,2024-02-06
994,104,Mumbai,475,19.09,2024-01-05
995,102,Chennai,284,19.93,2024-01-30
996,101,Bangalore,345,16.31,2024-01-15
997,102,Bangalore,579,7.21,2024-02-10
998,101,Chennai,193,42.47,2024-02-07
999,103,Bangalore,134,9.49,2024-01-22
1000,101,Delhi,315,11.06,2024-01-23
